stop_id,direction_id,min_start_time,max_end_time,mean_daily_num_vehicles,max_headway,mean_headway
750000,0,05:51:00,22:13:00,30.0,1800.0,1778.0
750000,1,,,0.0,,
750001,0,05:53:00,22:15:00,30.0,1800.0,1778.0
750001,1,,,0.0,,
750002,0,05:55:00,22:17:00,30.0,1800.0,1778.0
750002,1,,,0.0,,
750003,0,05:56:00,22:18:00,30.0,1800.0,1778.0
750003,1,,,0.0,,
750004,0,05:58:00,22:20:00,30.0,1800.0,1778.0
750004,1,,,0.0,,
750005,0,06:00:00,22:22:00,30.0,1800.0,1779.0
750005,1,,,0.0,,
750006,0,06:01:00,22:23:00,30.0,1800.0,1779.0
750006,1,,,0.0,,
750007,0,06:02:00,22:24:00,30.0,1800.0,1779.0
750007,1,,,0.0,,
750008,0,06:03:00,22:25:00,30.0,1800.0,1779.0
750008,1,,,0.0,,
750009,0,06:04:00,22:26:00,30.0,1800.0,1779.0
750009,1,,,0.0,,
750010,0,06:05:00,22:27:00,30.0,1800.0,1779.0
750010,1,,,0.0,,
750011,0,06:06:00,22:28:00,30.0,1800.0,1779.0
750011,1,,,0.0,,
750012,0,06:06:00,22:28:00,30.0,1800.0,1779.0
750012,1,,,0.0,,
750013,0,06:03:00,22:39:00,29.0,3960.0,1898.0
750013,1,,,0.0,,
750014,0,06:08:00,22:44:00,29.0,3960.0,1898.0
750014,1,,,0.0,,
750015,0,06:10:00,22:46:00,59.0,1800.0,908.0
750015,1,,,0.0,,
750016,0,06:12:00,22:48:00,29.0,3960.0,1898.0
750016,1,,,0.0,,
750017,0,06:13:00,22:49:00,29.0,3960.0,1898.0
750017,1,,,0.0,,
750018,0,06:15:00,22:51:00,29.0,3960.0,1898.0
750018,1,08:14:00,24:24:00,29.0,1800.0,1800.0
750019,0,,,0.0,,
750019,1,08:14:00,24:24:00,29.0,1800.0,1800.0
750020,0,06:16:00,22:52:00,29.0,3960.0,1898.0
750020,1,,,0.0,,
750021,0,06:18:00,22:54:00,29.0,3960.0,1898.0
750021,1,,,0.0,,
750022,0,,,0.0,,
750022,1,08:17:00,24:27:00,29.0,1800.0,1800.0
750024,0,,,0.0,,
750024,1,08:11:00,24:21:00,29.0,1800.0,1800.0
750025,0,,,0.0,,
750025,1,08:11:00,24:21:00,29.0,1800.0,1800.0
750026,0,,,0.0,,
750026,1,08:12:00,24:22:00,29.0,1800.0,1800.0
750027,0,,,0.0,,
750027,1,08:15:00,24:25:00,29.0,1800.0,1800.0
750028,0,,,0.0,,
750028,1,07:49:00,24:28:00,58.0,1740.0,900.0
750029,0,,,0.0,,
750029,1,08:21:00,24:31:00,29.0,1800.0,1800.0
750030,0,,,0.0,,
750030,1,08:23:00,24:33:00,29.0,1800.0,1800.0
750031,0,,,0.0,,
750031,1,08:24:00,24:34:00,29.0,1800.0,1800.0
750032,0,,,0.0,,
750032,1,08:24:00,24:34:00,29.0,1800.0,1800.0
750033,0,,,0.0,,
750033,1,08:26:00,24:36:00,29.0,1800.0,1800.0
750034,0,,,0.0,,
750034,1,07:52:00,23:46:00,29.0,1800.0,1800.0
750035,0,,,0.0,,
750035,1,07:53:00,23:47:00,29.0,1800.0,1800.0
750036,0,,,0.0,,
750036,1,07:58:00,23:52:00,29.0,1800.0,1800.0
750037,0,,,0.0,,
750037,1,07:58:00,23:52:00,29.0,1800.0,1800.0
750038,0,,,0.0,,
750038,1,08:00:00,23:54:00,29.0,1800.0,1800.0
750039,0,,,0.0,,
750039,1,08:05:00,23:59:00,29.0,1800.0,1800.0
750040,0,,,0.0,,
750040,1,08:06:00,29:31:00,30.0,1800.0,1800.0
750041,0,06:12:00,22:32:00,30.0,1800.0,1774.0
750041,1,,,0.0,,
750042,0,06:13:00,22:34:00,30.0,1800.0,1777.0
750042,1,,,0.0,,
750043,0,,,0.0,,
750043,1,07:45:00,23:40:00,29.0,1800.0,1800.0
750044,0,,,0.0,,
750044,1,08:04:00,24:14:00,29.0,1800.0,1800.0
750045,0,06:27:00,23:03:00,29.0,1800.0,1800.0
750045,1,,,0.0,,
750046,0,06:28:00,23:04:00,29.0,1800.0,1800.0
750046,1,08:21:00,22:21:00,15.0,3600.0,3600.0
750047,0,06:16:00,23:06:00,89.0,900.0,587.0
750047,1,06:16:00,24:09:00,118.0,1140.0,454.0
750048,0,,,0.0,,
750048,1,06:17:00,22:25:00,32.0,2280.0,1725.0
750049,0,,,0.0,,
750049,1,06:19:00,22:27:00,32.0,2280.0,1725.0
750050,0,07:27:00,21:27:00,16.0,3600.0,3300.0
750050,1,07:57:00,21:57:00,15.0,3600.0,3600.0
750051,0,,,0.0,,
750051,1,08:01:00,24:11:00,44.0,1800.0,1181.0
750052,0,06:19:00,23:08:00,59.0,1140.0,905.0
750052,1,,,0.0,,
750053,0,05:36:00,23:11:00,90.0,900.0,594.0
750053,1,06:22:00,23:51:00,64.0,2160.0,866.0
750054,0,05:37:00,21:37:00,17.0,3600.0,3600.0
750054,1,,,0.0,,
750055,0,06:15:00,07:35:00,3.0,,
750055,1,16:30:00,18:30:00,3.0,3600.0,3600.0
750056,0,06:15:00,07:35:00,3.0,,
750056,1,08:09:00,22:09:00,33.0,3600.0,1553.0
750057,0,06:16:00,07:36:00,3.0,,
750057,1,08:10:00,22:10:00,18.0,3600.0,2866.0
750058,0,06:17:00,07:37:00,3.0,,
750058,1,08:10:00,22:10:00,18.0,3600.0,2866.0
750059,0,06:18:00,07:38:00,3.0,,
750059,1,08:12:00,22:12:00,18.0,3600.0,2862.0
750060,0,06:18:00,07:38:00,3.0,,
750060,1,08:12:00,22:12:00,18.0,3600.0,2862.0
750061,0,06:20:00,07:40:00,3.0,,
750061,1,08:13:00,22:13:00,18.0,3600.0,2866.0
750062,0,06:20:00,07:40:00,3.0,,
750062,1,08:13:00,22:13:00,18.0,3600.0,2871.0
750063,0,06:21:00,07:41:00,3.0,,
750063,1,08:14:00,22:14:00,18.0,3600.0,2871.0
750064,0,06:22:00,07:42:00,3.0,,
750064,1,08:15:00,22:15:00,18.0,3600.0,2871.0
750065,0,05:47:00,21:47:00,17.0,3600.0,3600.0
750065,1,07:34:00,21:34:00,15.0,3600.0,3600.0
750066,0,05:48:00,21:48:00,17.0,3600.0,3600.0
750066,1,07:35:00,21:35:00,15.0,3600.0,3600.0
750067,0,05:50:00,21:50:00,17.0,3600.0,3600.0
750067,1,07:37:00,21:37:00,15.0,3600.0,3600.0
750068,0,05:52:00,21:52:00,17.0,3600.0,3600.0
750068,1,07:39:00,21:39:00,15.0,3600.0,3600.0
750069,0,05:53:00,21:53:00,17.0,3600.0,3600.0
750069,1,07:40:00,21:40:00,15.0,3600.0,3600.0
750070,0,06:00:00,22:00:00,17.0,3600.0,3600.0
750070,1,07:26:00,21:26:00,15.0,3600.0,3600.0
750071,0,06:01:00,22:01:00,17.0,3600.0,3600.0
750071,1,07:27:00,21:27:00,15.0,3600.0,3600.0
750072,0,06:02:00,22:02:00,17.0,3600.0,3600.0
750072,1,07:27:00,21:27:00,15.0,3600.0,3600.0
750073,0,07:25:00,21:25:00,16.0,3600.0,3300.0
750073,1,07:30:00,24:04:00,71.0,900.0,720.0
750075,0,08:33:00,19:33:00,12.0,3600.0,3600.0
750075,1,07:27:00,19:27:00,13.0,3600.0,3600.0
750076,0,06:33:00,19:34:00,14.0,3660.0,3605.0
750076,1,06:26:00,19:56:00,17.0,3600.0,3185.0
750077,0,07:16:00,21:16:00,16.0,3600.0,3300.0
750077,1,06:31:00,20:01:00,17.0,3600.0,3046.0
750078,0,07:18:00,21:18:00,16.0,3600.0,3300.0
750078,1,06:33:00,20:03:00,17.0,3600.0,3046.0
750079,0,06:39:00,19:40:00,14.0,3660.0,3605.0
750079,1,06:36:00,20:06:00,17.0,3600.0,3046.0
750080,0,,,0.0,,
750080,1,06:42:00,22:00:00,34.0,2880.0,1600.0
750081,0,,,0.0,,
750081,1,06:43:00,22:01:00,34.0,2880.0,1551.0
750082,0,06:46:00,21:04:00,33.0,2880.0,1551.0
750082,1,,,0.0,,
750083,0,06:46:00,21:04:00,33.0,2880.0,1551.0
750083,1,,,0.0,,
750084,0,06:47:00,21:05:00,33.0,2880.0,1551.0
750084,1,,,0.0,,
750085,0,06:14:00,22:16:00,51.0,1440.0,1099.0
750085,1,,,0.0,,
750086,0,06:51:00,21:09:00,33.0,2880.0,1551.0
750086,1,,,0.0,,
750087,0,06:16:00,22:17:00,35.0,2160.0,1642.0
750087,1,,,0.0,,
750088,0,06:54:00,20:24:00,17.0,3600.0,3046.0
750088,1,,,0.0,,
750089,0,06:55:00,20:25:00,17.0,3600.0,3046.0
750089,1,,,0.0,,
750090,0,06:55:00,20:25:00,17.0,3600.0,3046.0
750090,1,,,0.0,,
750091,0,06:56:00,20:26:00,17.0,3600.0,3046.0
750091,1,,,0.0,,
750092,0,06:56:00,20:26:00,17.0,3600.0,3046.0
750092,1,,,0.0,,
750093,0,06:57:00,20:27:00,17.0,3600.0,3046.0
750093,1,,,0.0,,
750094,0,06:57:00,20:27:00,17.0,3600.0,3046.0
750094,1,,,0.0,,
750095,0,06:58:00,20:28:00,17.0,3600.0,3046.0
750095,1,,,0.0,,
750096,0,06:59:00,20:29:00,17.0,3600.0,3046.0
750096,1,,,0.0,,
750098,0,07:00:00,20:30:00,17.0,3600.0,2957.0
750098,1,,,0.0,,
750099,0,07:00:00,20:30:00,17.0,3600.0,2957.0
750099,1,,,0.0,,
750100,0,07:01:00,20:31:00,17.0,3600.0,2957.0
750100,1,,,0.0,,
750101,0,07:02:00,20:32:00,17.0,3600.0,2957.0
750101,1,06:45:00,21:45:00,17.0,3600.0,3300.0
750102,0,07:03:00,20:33:00,17.0,3600.0,2957.0
750102,1,,,0.0,,
750103,0,06:12:00,23:23:00,96.0,960.0,559.0
750103,1,,,0.0,,
750104,0,06:12:00,23:23:00,96.0,960.0,559.0
750104,1,,,0.0,,
750105,0,06:13:00,23:24:00,128.0,960.0,425.0
750105,1,,,0.0,,
750106,0,06:13:00,23:24:00,128.0,960.0,425.0
750106,1,,,0.0,,
750107,0,06:14:00,23:25:00,128.0,960.0,425.0
750107,1,,,0.0,,
750108,0,06:15:00,23:26:00,128.0,960.0,425.0
750108,1,,,0.0,,
750109,0,06:16:00,23:27:00,128.0,960.0,425.0
750109,1,,,0.0,,
750110,0,06:16:00,23:27:00,128.0,960.0,425.0
750110,1,,,0.0,,
750111,0,06:40:00,22:58:00,33.0,1800.0,1634.0
750111,1,,,0.0,,
750112,0,06:18:00,23:29:00,158.0,900.0,343.0
750112,1,,,0.0,,
750113,0,06:30:00,22:00:00,32.0,1800.0,1800.0
750113,1,,,0.0,,
750114,0,,,0.0,,
750114,1,06:38:00,23:08:00,34.0,1800.0,1800.0
750115,0,06:19:00,23:29:00,126.0,900.0,424.0
750115,1,,,0.0,,
750118,0,06:21:00,23:32:00,158.0,900.0,344.0
750118,1,,,0.0,,
750119,0,06:22:00,23:33:00,158.0,900.0,343.0
750119,1,,,0.0,,
750120,0,06:23:00,23:33:00,158.0,900.0,343.0
750120,1,,,0.0,,
750123,0,,,0.0,,
750123,1,06:25:00,28:15:00,109.0,1800.0,452.0
750125,0,,,0.0,,
750125,1,06:30:00,23:38:00,34.0,3120.0,1670.0
750126,0,,,0.0,,
750126,1,06:32:00,23:40:00,64.0,1440.0,889.0
750127,0,06:25:00,28:42:00,289.8,900.0,183.0
750127,1,07:02:00,28:40:00,79.0,900.0,690.0
750128,0,,,0.0,,
750128,1,06:33:00,28:40:00,98.0,900.0,578.0
750129,0,,,0.0,,
750129,1,06:32:00,28:40:00,160.0,900.0,348.0
750132,0,,,0.0,,
750132,1,06:36:00,28:41:00,126.0,900.0,432.0
750133,0,,,0.0,,
750133,1,06:39:00,28:42:00,128.0,900.0,435.0
750134,0,,,0.0,,
750134,1,06:37:00,28:42:00,130.0,900.0,427.0
750135,0,,,0.0,,
750135,1,06:38:00,28:42:00,130.0,900.0,427.0
750136,0,,,0.0,,
750136,1,06:38:00,28:42:00,130.0,900.0,427.0
750137,0,,,0.0,,
750137,1,06:39:00,28:43:00,130.0,900.0,427.0
750138,0,,,0.0,,
750138,1,06:40:00,28:43:00,130.0,900.0,427.0
750139,0,,,0.0,,
750139,1,06:41:00,28:43:00,130.0,900.0,427.0
750140,0,,,0.0,,
750140,1,06:42:00,28:44:00,130.0,900.0,427.0
750141,0,,,0.0,,
750141,1,06:43:00,28:44:00,130.0,900.0,427.0
750142,0,,,0.0,,
750142,1,06:43:00,28:44:00,112.0,900.0,486.0
750143,0,,,0.0,,
750143,1,06:43:00,28:44:00,112.0,900.0,486.0
750144,0,,,0.0,,
750144,1,07:18:00,22:18:00,16.0,3600.0,3600.0
750145,0,06:18:00,21:18:00,16.0,3600.0,3600.0
750145,1,,,0.0,,
750146,0,06:19:00,21:19:00,16.0,3600.0,3600.0
750146,1,,,0.0,,
750147,0,06:21:00,21:21:00,16.0,3600.0,3600.0
750147,1,,,0.0,,
750148,0,,,0.0,,
750148,1,06:45:00,21:45:00,17.0,3600.0,3300.0
750149,0,,,0.0,,
750149,1,06:50:00,21:50:00,17.0,3600.0,3300.0
750150,0,,,0.0,,
750150,1,06:50:00,21:50:00,17.0,3600.0,3300.0
750151,0,,,0.0,,
750151,1,06:52:00,21:52:00,17.0,3600.0,3300.0
750152,0,,,0.0,,
750152,1,06:52:00,21:52:00,17.0,3600.0,3300.0
750153,0,,,0.0,,
750153,1,06:54:00,21:54:00,17.0,3600.0,3300.0
750154,0,06:21:00,22:19:00,18.0,3600.0,3600.0
750154,1,,,0.0,,
750155,0,06:22:00,22:20:00,18.0,3600.0,3600.0
750155,1,,,0.0,,
750156,0,06:23:00,22:21:00,18.0,3600.0,3600.0
750156,1,,,0.0,,
750157,0,06:26:00,22:24:00,18.0,3600.0,3600.0
750157,1,,,0.0,,
750158,0,06:44:00,21:44:00,16.0,3600.0,3600.0
750158,1,,,0.0,,
750159,0,06:44:00,21:44:00,16.0,3600.0,3600.0
750159,1,,,0.0,,
750160,0,06:45:00,21:45:00,16.0,3600.0,3600.0
750160,1,,,0.0,,
750161,0,06:48:00,21:48:00,16.0,3600.0,3600.0
750161,1,,,0.0,,
750162,0,06:48:00,21:48:00,16.0,3600.0,3600.0
750162,1,,,0.0,,
750163,0,,,0.0,,
750163,1,06:50:00,22:50:00,17.0,3600.0,3600.0
750166,0,06:12:00,21:12:00,16.0,3600.0,3600.0
750166,1,,,0.0,,
750167,0,06:13:00,21:13:00,16.0,3600.0,3600.0
750167,1,,,0.0,,
750168,0,06:13:00,21:13:00,16.0,3600.0,3600.0
750168,1,,,0.0,,
750169,0,06:14:00,21:14:00,16.0,3600.0,3600.0
750169,1,,,0.0,,
750170,0,06:15:00,21:15:00,16.0,3600.0,3600.0
750170,1,,,0.0,,
750171,0,06:17:00,21:17:00,16.0,3600.0,3600.0
750171,1,,,0.0,,
750172,0,,,0.0,,
750172,1,07:19:00,22:19:00,16.0,3600.0,3600.0
750173,0,,,0.0,,
750173,1,07:19:00,22:19:00,16.0,3600.0,3600.0
750174,0,,,0.0,,
750174,1,07:19:00,22:19:00,16.0,3600.0,3600.0
750175,0,,,0.0,,
750175,1,07:20:00,22:20:00,16.0,3600.0,3600.0
750176,0,,,0.0,,
750176,1,07:21:00,22:21:00,16.0,3600.0,3600.0
750177,0,,,0.0,,
750177,1,07:21:00,22:21:00,16.0,3600.0,3600.0
750180,0,,,0.0,,
750180,1,07:22:00,22:22:00,16.0,3600.0,3600.0
750181,0,,,0.0,,
750181,1,07:23:00,22:23:00,16.0,3600.0,3600.0
750182,0,,,0.0,,
750182,1,07:24:00,22:24:00,16.0,3600.0,3600.0
750183,0,,,0.0,,
750183,1,07:27:00,22:27:00,16.0,3600.0,3600.0
750184,0,06:39:00,21:39:00,16.0,3600.0,3600.0
750184,1,,,0.0,,
750185,0,06:31:00,22:30:00,18.0,3600.0,3600.0
750185,1,06:54:00,23:53:00,47.0,1800.0,1190.0
750186,0,06:04:00,23:30:00,80.0,1740.0,706.0
750186,1,06:57:00,24:03:00,82.0,1560.0,728.0
750187,0,06:06:00,23:28:00,80.0,1740.0,703.0
750187,1,06:58:00,24:01:00,35.0,3420.0,1800.0
750188,0,06:08:00,22:35:00,62.0,1740.0,882.0
750188,1,06:59:00,23:58:00,18.0,3600.0,3600.0
750189,0,06:10:00,22:36:00,46.0,1800.0,1183.0
750189,1,,,0.0,,
750190,0,06:38:00,22:37:00,30.0,1800.0,1800.0
750190,1,,,0.0,,
750191,0,06:38:00,22:37:00,30.0,1800.0,1800.0
750191,1,,,0.0,,
750192,0,06:39:00,22:38:00,30.0,1800.0,1800.0
750192,1,,,0.0,,
750193,0,06:40:00,22:39:00,30.0,1800.0,1800.0
750193,1,,,0.0,,
750194,0,06:42:00,22:40:00,30.0,1800.0,1800.0
750194,1,,,0.0,,
750195,0,06:42:00,22:40:00,30.0,1800.0,1800.0
750195,1,,,0.0,,
750196,0,06:44:00,22:41:00,30.0,1800.0,1800.0
750196,1,,,0.0,,
750197,0,06:46:00,22:43:00,30.0,1800.0,1800.0
750197,1,,,0.0,,
750198,0,06:48:00,22:45:00,30.0,1800.0,1800.0
750198,1,,,0.0,,
750199,0,,,0.0,,
750199,1,06:47:00,23:48:00,30.0,1800.0,1800.0
750201,0,,,0.0,,
750201,1,06:48:00,23:48:00,30.0,1800.0,1800.0
750202,0,,,0.0,,
750202,1,06:50:00,23:50:00,30.0,1800.0,1800.0
750203,0,,,0.0,,
750203,1,06:50:00,23:50:00,30.0,1800.0,1800.0
750204,0,,,0.0,,
750204,1,06:51:00,23:50:00,30.0,1800.0,1800.0
750205,0,,,0.0,,
750205,1,06:51:00,23:51:00,30.0,1800.0,1800.0
750206,0,,,0.0,,
750206,1,06:52:00,23:51:00,30.0,1800.0,1800.0
750207,0,,,0.0,,
750207,1,06:53:00,23:52:00,30.0,1800.0,1800.0
750208,0,,,0.0,,
750208,1,06:53:00,23:52:00,47.0,1800.0,1190.0
750209,0,06:21:00,23:16:00,18.0,3600.0,3600.0
750209,1,06:43:00,23:33:00,108.0,1440.0,447.0
750210,0,06:22:00,23:17:00,18.0,3600.0,3600.0
750210,1,,,0.0,,
750211,0,06:27:00,23:21:00,18.0,3600.0,3600.0
750211,1,,,0.0,,
750212,0,06:28:00,23:21:00,18.0,3600.0,3600.0
750212,1,,,0.0,,
750213,0,06:32:00,23:25:00,18.0,3600.0,3600.0
750213,1,,,0.0,,
750214,0,06:32:00,23:25:00,18.0,3600.0,3600.0
750214,1,,,0.0,,
750215,0,06:33:00,23:26:00,18.0,3600.0,3600.0
750215,1,,,0.0,,
750216,0,06:40:00,23:33:00,18.0,3600.0,3600.0
750216,1,,,0.0,,
750217,0,06:41:00,23:33:00,18.0,3600.0,3600.0
750217,1,,,0.0,,
750218,0,06:42:00,23:34:00,18.0,3600.0,3600.0
750218,1,,,0.0,,
750219,0,06:44:00,23:36:00,18.0,3600.0,3600.0
750219,1,07:54:00,23:54:00,17.0,3600.0,3600.0
750220,0,06:45:00,23:37:00,18.0,3600.0,3600.0
750220,1,,,0.0,,
750221,0,06:48:00,23:40:00,71.0,1080.0,714.0
750221,1,06:54:00,23:50:00,68.0,1620.0,747.0
750222,0,06:51:00,23:43:00,18.0,3600.0,3600.0
750222,1,,,0.0,,
750223,0,06:52:00,23:44:00,18.0,3600.0,3600.0
750223,1,,,0.0,,
750226,0,06:34:00,23:49:00,131.0,1140.0,393.0
750226,1,,,0.0,,
750227,0,,,0.0,,
750227,1,07:45:00,23:45:00,17.0,3600.0,3600.0
750228,0,,,0.0,,
750228,1,07:46:00,23:46:00,17.0,3600.0,3600.0
750229,0,,,0.0,,
750229,1,07:50:00,23:50:00,17.0,3600.0,3600.0
750230,0,,,0.0,,
750230,1,07:52:00,23:52:00,17.0,3600.0,3600.0
750231,0,,,0.0,,
750231,1,07:56:00,23:56:00,17.0,3600.0,3600.0
750232,0,,,0.0,,
750232,1,07:57:00,23:57:00,17.0,3600.0,3600.0
750233,0,,,0.0,,
750233,1,07:59:00,23:59:00,17.0,3600.0,3600.0
750234,0,,,0.0,,
750234,1,07:07:00,24:06:00,18.0,3600.0,3600.0
750235,0,,,0.0,,
750235,1,07:11:00,24:09:00,18.0,3600.0,3600.0
750236,0,,,0.0,,
750236,1,07:14:00,24:10:00,18.0,3600.0,3600.0
750237,0,06:18:00,23:16:00,113.0,1140.0,434.0
750237,1,07:16:00,24:12:00,18.0,3600.0,3600.0
750238,0,06:20:00,23:17:00,113.0,1140.0,434.0
750238,1,,,0.0,,
750239,0,06:22:00,23:20:00,113.0,1140.0,434.0
750239,1,,,0.0,,
750240,0,06:24:00,23:21:00,113.0,1140.0,434.0
750240,1,,,0.0,,
750241,0,06:26:00,23:23:00,113.0,1020.0,435.0
750241,1,,,0.0,,
750242,0,06:27:00,23:42:00,131.0,1080.0,386.0
750242,1,,,0.0,,
750243,0,06:28:00,23:25:00,113.0,1140.0,434.0
750243,1,,,0.0,,
750244,0,06:29:00,23:26:00,113.0,1140.0,434.0
750244,1,,,0.0,,
750245,0,06:32:00,23:29:00,113.0,1140.0,439.0
750245,1,,,0.0,,
750246,0,,,0.0,,
750246,1,06:28:00,28:16:00,109.0,1800.0,452.0
750247,0,,,0.0,,
750247,1,06:30:00,28:18:00,109.0,1800.0,452.0
750248,0,,,0.0,,
750248,1,06:31:00,28:18:00,109.0,1800.0,452.0
750249,0,,,0.0,,
750249,1,06:33:00,28:19:00,109.0,1800.0,452.0
750250,0,,,0.0,,
750250,1,06:51:00,23:47:00,68.0,1620.0,735.0
750251,0,,,0.0,,
750251,1,06:36:00,28:21:00,109.0,1620.0,461.0
750252,0,,,0.0,,
750252,1,06:37:00,28:21:00,109.0,1620.0,461.0
750253,0,,,0.0,,
750253,1,06:38:00,28:22:00,109.0,1620.0,461.0
750254,0,,,0.0,,
750254,1,06:40:00,28:23:00,109.0,1680.0,461.0
750255,0,,,0.0,,
750255,1,06:41:00,28:23:00,127.0,900.0,396.0
750256,0,,,0.0,,
750256,1,07:09:00,22:39:00,28.0,1800.0,1800.0
750257,0,,,0.0,,
750257,1,07:13:00,22:41:00,28.0,1800.0,1795.0
750258,0,,,0.0,,
750258,1,07:13:00,22:41:00,28.0,1800.0,1795.0
750259,0,,,0.0,,
750259,1,07:16:00,22:44:00,28.0,1800.0,1795.0
750260,0,06:55:00,22:19:00,28.0,1800.0,1800.0
750260,1,,,0.0,,
750261,0,06:56:00,22:19:00,28.0,1800.0,1800.0
750261,1,,,0.0,,
750262,0,06:59:00,22:22:00,28.0,1800.0,1800.0
750262,1,,,0.0,,
750263,0,06:59:00,22:23:00,28.0,1800.0,1800.0
750263,1,,,0.0,,
750264,0,07:01:00,22:24:00,28.0,1800.0,1800.0
750264,1,,,0.0,,
750265,0,07:02:00,22:26:00,28.0,1800.0,1800.0
750265,1,,,0.0,,
750266,0,07:04:00,22:27:00,28.0,1800.0,1800.0
750266,1,,,0.0,,
750267,0,,,0.0,,
750267,1,06:46:00,23:36:00,76.0,1500.0,592.0
750268,0,,,0.0,,
750268,1,06:49:00,23:38:00,76.0,1440.0,591.0
750269,0,06:38:00,22:08:00,29.0,1800.0,1800.0
750269,1,,,0.0,,
750270,0,06:41:00,22:10:00,29.0,1800.0,1800.0
750270,1,,,0.0,,
750271,0,06:44:00,22:13:00,29.0,1800.0,1800.0
750271,1,,,0.0,,
750272,0,06:45:00,22:14:00,29.0,1800.0,1800.0
750272,1,,,0.0,,
750273,0,06:46:00,22:15:00,29.0,1800.0,1800.0
750273,1,,,0.0,,
750274,0,06:48:00,22:16:00,29.0,1800.0,1800.0
750274,1,,,0.0,,
750275,0,06:49:00,22:16:00,29.0,1800.0,1800.0
750275,1,,,0.0,,
750276,0,,,0.0,,
750276,1,07:59:00,22:14:00,21.0,3600.0,2363.0
750277,0,,,0.0,,
750277,1,08:00:00,22:15:00,21.0,3600.0,2363.0
750278,0,,,0.0,,
750278,1,08:01:00,22:16:00,21.0,3600.0,2363.0
750279,0,,,0.0,,
750279,1,08:02:00,22:17:00,21.0,3600.0,2363.0
750280,0,06:06:00,23:05:00,60.0,2340.0,891.0
750280,1,06:56:00,23:44:00,57.0,2100.0,858.0
750281,0,06:35:00,19:50:00,21.0,3600.0,2329.0
750281,1,,,0.0,,
750282,0,06:37:00,19:52:00,21.0,3600.0,2329.0
750282,1,,,0.0,,
750283,0,06:38:00,19:53:00,21.0,3600.0,2329.0
750283,1,,,0.0,,
750284,0,06:40:00,19:55:00,21.0,3600.0,2329.0
750284,1,,,0.0,,
750285,0,06:42:00,19:57:00,21.0,3600.0,2329.0
750285,1,,,0.0,,
750286,0,06:44:00,19:59:00,21.0,3600.0,2329.0
750286,1,,,0.0,,
750287,0,06:51:00,20:06:00,21.0,3600.0,2329.0
750287,1,,,0.0,,
750288,0,06:52:00,20:07:00,21.0,3600.0,2329.0
750288,1,,,0.0,,
750289,0,06:54:00,20:09:00,21.0,3600.0,2329.0
750289,1,,,0.0,,
750290,0,06:54:00,20:09:00,21.0,3600.0,2329.0
750290,1,,,0.0,,
750291,0,06:34:00,22:05:00,29.0,1800.0,1800.0
750291,1,07:30:00,23:45:00,51.0,1800.0,1010.0
750292,0,,,0.0,,
750292,1,07:48:00,23:46:00,23.0,3600.0,2322.0
750293,0,,,0.0,,
750293,1,07:49:00,23:47:00,23.0,3600.0,2322.0
750294,0,,,0.0,,
750294,1,07:01:00,23:48:00,36.0,3360.0,1414.0
750295,0,,,0.0,,
750295,1,07:51:00,23:49:00,23.0,3600.0,2322.0
750296,0,,,0.0,,
750296,1,07:54:00,23:52:00,23.0,3600.0,2322.0
750297,0,,,0.0,,
750297,1,07:56:00,23:54:00,23.0,3600.0,2322.0
750298,0,,,0.0,,
750298,1,07:57:00,23:55:00,23.0,3600.0,2322.0
750299,0,05:53:00,22:53:00,25.0,3600.0,2435.0
750299,1,,,0.0,,
750300,0,06:31:00,19:46:00,21.0,3600.0,2329.0
750300,1,08:21:00,22:36:00,21.0,3600.0,2363.0
750301,0,,,0.0,,
750301,1,07:59:00,23:57:00,23.0,3600.0,2322.0
750302,0,,,0.0,,
750302,1,08:00:00,23:57:00,23.0,3600.0,2319.0
750303,0,,,0.0,,
750303,1,08:01:00,23:58:00,23.0,3600.0,2319.0
750304,0,,,0.0,,
750304,1,07:07:00,24:00:00,36.0,3360.0,1426.0
750305,0,05:48:00,22:48:00,39.0,3540.0,1382.0
750305,1,,,0.0,,
750306,0,05:49:00,22:49:00,25.0,3600.0,2435.0
750306,1,,,0.0,,
750307,0,05:50:00,22:50:00,25.0,3600.0,2435.0
750307,1,,,0.0,,
750308,0,05:52:00,22:52:00,25.0,3600.0,2435.0
750308,1,,,0.0,,
750309,0,05:43:00,22:43:00,25.0,3600.0,2435.0
750309,1,,,0.0,,
750310,0,05:44:00,22:44:00,25.0,3600.0,2435.0
750310,1,,,0.0,,
750311,0,05:45:00,22:45:00,25.0,3600.0,2435.0
750311,1,,,0.0,,
750312,0,,,0.0,,
750312,1,07:17:00,22:13:00,17.0,3600.0,3300.0
750313,0,,,0.0,,
750313,1,07:18:00,22:14:00,17.0,3600.0,3300.0
750314,0,06:40:00,22:34:00,18.0,3600.0,3300.0
750314,1,07:19:00,22:15:00,17.0,3600.0,3300.0
750315,0,,,0.0,,
750315,1,07:20:00,22:16:00,17.0,3600.0,3300.0
750316,0,06:32:00,22:26:00,18.0,3600.0,3300.0
750316,1,,,0.0,,
750317,0,06:34:00,22:28:00,18.0,3600.0,3300.0
750317,1,,,0.0,,
750318,0,06:36:00,22:30:00,18.0,3600.0,3300.0
750318,1,,,0.0,,
750319,0,06:37:00,22:31:00,18.0,3600.0,3300.0
750319,1,,,0.0,,
750320,0,06:37:00,22:31:00,18.0,3600.0,3300.0
750320,1,,,0.0,,
750321,0,06:41:00,22:35:00,18.0,3600.0,3300.0
750321,1,,,0.0,,
750322,0,06:42:00,22:36:00,18.0,3600.0,3300.0
750322,1,,,0.0,,
750323,0,05:47:00,22:47:00,39.0,3540.0,1382.0
750323,1,,,0.0,,
750324,0,05:54:00,22:54:00,25.0,3600.0,2435.0
750324,1,,,0.0,,
750325,0,05:56:00,22:56:00,25.0,3600.0,2435.0
750325,1,,,0.0,,
750326,0,05:57:00,22:57:00,25.0,3600.0,2435.0
750326,1,,,0.0,,
750327,0,05:58:00,22:58:00,25.0,3600.0,2435.0
750327,1,,,0.0,,
750328,0,05:58:00,22:58:00,25.0,3600.0,2435.0
750328,1,,,0.0,,
750329,0,06:00:00,23:00:00,39.0,3240.0,1394.0
750329,1,,,0.0,,
750330,0,06:11:00,23:09:00,85.0,1560.0,591.0
750330,1,,,0.0,,
750331,0,06:11:00,23:09:00,85.0,1620.0,592.0
750331,1,,,0.0,,
750332,0,06:14:00,23:12:00,113.0,1260.0,444.0
750332,1,,,0.0,,
750333,0,06:40:00,21:40:00,16.0,3600.0,3600.0
750333,1,07:01:00,24:00:00,18.0,3600.0,3600.0
750334,0,,,0.0,,
750334,1,07:05:00,24:04:00,18.0,3600.0,3600.0
750335,0,07:12:00,21:12:00,16.0,3600.0,3300.0
750335,1,07:21:00,19:21:00,13.0,3600.0,3600.0
750336,0,07:19:00,21:19:00,16.0,3600.0,3300.0
750336,1,07:24:00,19:24:00,13.0,3600.0,3600.0
750337,0,05:51:00,27:50:00,30.8,1800.0,1778.0
750337,1,,,0.0,,
750338,0,,,0.0,,
750338,1,08:08:00,29:32:00,30.0,1800.0,1800.0
750339,0,,,0.0,,
750339,1,08:03:00,23:57:00,29.0,1800.0,1800.0
750342,0,,,0.0,,
750342,1,07:56:00,23:50:00,29.0,1800.0,1800.0
750343,0,,,0.0,,
750343,1,07:55:00,23:49:00,29.0,1800.0,1800.0
750344,0,,,0.0,,
750344,1,07:54:00,23:48:00,29.0,1800.0,1800.0
750345,0,,,0.0,,
750345,1,07:53:00,23:47:00,29.0,1800.0,1800.0
750346,0,,,0.0,,
750346,1,08:02:00,24:12:00,29.0,1800.0,1800.0
750347,0,06:25:00,23:01:00,29.0,1800.0,1800.0
750347,1,,,0.0,,
750348,0,06:25:00,23:01:00,29.0,1800.0,1800.0
750348,1,,,0.0,,
750349,0,,,0.0,,
750349,1,08:05:00,24:15:00,29.0,1800.0,1800.0
750350,0,,,0.0,,
750350,1,08:08:00,24:18:00,29.0,1800.0,1800.0
750351,0,06:20:00,22:56:00,29.0,3960.0,1898.0
750351,1,,,0.0,,
750352,0,,,0.0,,
750352,1,08:10:00,24:20:00,29.0,1800.0,1800.0
750353,0,06:18:00,22:54:00,29.0,3960.0,1898.0
750353,1,,,0.0,,
750354,0,06:17:00,22:53:00,29.0,3960.0,1898.0
750354,1,,,0.0,,
750355,0,06:16:00,22:52:00,29.0,3960.0,1898.0
750355,1,,,0.0,,
750356,0,,,0.0,,
750356,1,08:12:00,24:22:00,29.0,1800.0,1800.0
750357,0,06:14:00,22:50:00,29.0,3960.0,1898.0
750357,1,,,0.0,,
750358,0,,,0.0,,
750358,1,08:20:00,24:30:00,29.0,1800.0,1800.0
750359,0,06:05:00,22:41:00,29.0,3960.0,1898.0
750359,1,,,0.0,,
750360,0,06:04:00,22:40:00,29.0,3960.0,1898.0
750360,1,,,0.0,,
750361,0,06:04:00,22:40:00,29.0,3960.0,1898.0
750361,1,,,0.0,,
750362,0,,,0.0,,
750362,1,07:49:00,21:49:00,15.0,3600.0,3600.0
750363,0,07:29:00,21:29:00,16.0,3600.0,3300.0
750363,1,08:00:00,22:00:00,15.0,3600.0,3600.0
750364,0,07:22:00,21:22:00,16.0,3600.0,3300.0
750364,1,,,0.0,,
750365,0,06:36:00,19:37:00,14.0,3660.0,3605.0
750365,1,06:28:00,19:58:00,17.0,3600.0,3185.0
750366,0,07:14:00,21:14:00,16.0,3600.0,3300.0
750366,1,06:29:00,19:59:00,17.0,3600.0,3185.0
750367,0,,,0.0,,
750367,1,06:38:00,21:56:00,34.0,2880.0,1634.0
750368,0,,,0.0,,
750368,1,06:40:00,24:15:00,52.0,2400.0,1118.0
750369,0,,,0.0,,
750369,1,06:44:00,22:02:00,34.0,2880.0,1551.0
750370,0,,,0.0,,
750370,1,06:55:00,21:55:00,30.0,2160.0,1740.0
750371,0,,,0.0,,
750371,1,06:48:00,21:48:00,17.0,3600.0,3300.0
750372,0,,,0.0,,
750372,1,06:48:00,21:48:00,17.0,3600.0,3300.0
750373,0,,,0.0,,
750373,1,06:47:00,21:47:00,17.0,3600.0,3300.0
750374,0,,,0.0,,
750374,1,07:12:00,24:10:00,18.0,3600.0,3600.0
750375,0,,,0.0,,
750375,1,07:09:00,24:08:00,18.0,3600.0,3600.0
750376,0,,,0.0,,
750376,1,07:08:00,24:06:00,18.0,3600.0,3600.0
750377,0,06:11:00,21:11:00,16.0,3600.0,3600.0
750377,1,,,0.0,,
750378,0,,,0.0,,
750378,1,06:56:00,22:56:00,17.0,3600.0,3600.0
750379,0,,,0.0,,
750379,1,06:54:00,22:54:00,17.0,3600.0,3600.0
750380,0,,,0.0,,
750380,1,06:54:00,22:54:00,17.0,3600.0,3600.0
750381,0,,,0.0,,
750381,1,06:53:00,22:53:00,17.0,3600.0,3600.0
750382,0,,,0.0,,
750382,1,06:53:00,22:53:00,17.0,3600.0,3600.0
750383,0,,,0.0,,
750383,1,06:51:00,22:51:00,17.0,3600.0,3600.0
750384,0,,,0.0,,
750384,1,06:49:00,22:49:00,17.0,3600.0,3600.0
750385,0,,,0.0,,
750385,1,06:48:00,22:48:00,17.0,3600.0,3600.0
750386,0,,,0.0,,
750386,1,06:47:00,22:47:00,17.0,3600.0,3600.0
750388,0,,,0.0,,
750388,1,07:09:00,24:07:00,18.0,3600.0,3600.0
750392,0,,,0.0,,
750392,1,08:09:00,22:24:00,21.0,3600.0,2363.0
750394,0,,,0.0,,
750394,1,08:12:00,22:27:00,21.0,3600.0,2363.0
750395,0,,,0.0,,
750395,1,08:13:00,22:28:00,21.0,3600.0,2363.0
750396,0,,,0.0,,
750396,1,08:15:00,22:30:00,21.0,3600.0,2363.0
750397,0,,,0.0,,
750397,1,08:16:00,22:31:00,21.0,3600.0,2363.0
750398,0,,,0.0,,
750398,1,08:19:00,22:34:00,21.0,3600.0,2363.0
750399,0,06:33:00,19:48:00,21.0,3600.0,2329.0
750399,1,,,0.0,,
750401,0,,,0.0,,
750401,1,08:23:00,22:38:00,21.0,3600.0,2363.0
750402,0,05:43:00,22:43:00,25.0,3600.0,2435.0
750402,1,,,0.0,,
750403,0,,,0.0,,
750403,1,08:08:00,28:50:00,24.0,3600.0,2363.0
750404,0,,,0.0,,
750404,1,07:07:00,24:00:00,36.0,3360.0,1426.0
750405,0,05:55:00,22:55:00,25.0,3600.0,2435.0
750405,1,,,0.0,,
750406,0,,,0.0,,
750406,1,07:53:00,23:51:00,23.0,3600.0,2322.0
750407,0,,,0.0,,
750407,1,07:52:00,23:50:00,23.0,3600.0,2322.0
750408,0,06:01:00,19:01:00,21.0,3600.0,2329.0
750408,1,,,0.0,,
750409,0,06:03:00,19:03:00,21.0,3600.0,2329.0
750409,1,,,0.0,,
750410,0,06:54:00,18:54:00,25.0,1800.0,1800.0
750410,1,06:48:00,23:38:00,80.0,1500.0,596.0
750412,0,06:30:00,22:25:00,18.0,3600.0,3300.0
750412,1,07:25:00,22:22:00,17.0,3600.0,3300.0
750413,0,,,0.0,,
750413,1,07:23:00,22:20:00,17.0,3600.0,3300.0
750414,0,,,0.0,,
750414,1,07:21:00,22:18:00,17.0,3600.0,3300.0
750415,0,,,0.0,,
750415,1,07:20:00,22:18:00,17.0,3600.0,3300.0
750416,0,,,0.0,,
750416,1,07:20:00,22:17:00,17.0,3600.0,3300.0
750417,0,06:41:00,22:35:00,18.0,3600.0,3300.0
750417,1,,,0.0,,
750418,0,,,0.0,,
750418,1,07:16:00,22:12:00,17.0,3600.0,3300.0
750419,0,,,0.0,,
750419,1,07:20:00,22:47:00,28.0,1800.0,1792.0
750420,0,,,0.0,,
750420,1,07:18:00,22:46:00,28.0,1800.0,1795.0
750421,0,,,0.0,,
750421,1,07:15:00,22:43:00,28.0,1800.0,1795.0
750422,0,,,0.0,,
750422,1,07:14:00,22:42:00,28.0,1800.0,1795.0
750423,0,07:05:00,22:28:00,28.0,1800.0,1800.0
750423,1,,,0.0,,
750424,0,,,0.0,,
750424,1,07:27:00,22:57:00,28.0,1800.0,1800.0
750425,0,,,0.0,,
750425,1,07:25:00,22:55:00,28.0,1800.0,1800.0
750426,0,06:43:00,22:12:00,29.0,1800.0,1800.0
750426,1,,,0.0,,
750427,0,,,0.0,,
750427,1,07:24:00,22:54:00,28.0,1800.0,1800.0
750428,0,,,0.0,,
750428,1,07:22:00,22:52:00,28.0,1800.0,1800.0
750429,0,,,0.0,,
750429,1,07:21:00,22:51:00,28.0,1800.0,1800.0
750430,0,,,0.0,,
750430,1,07:20:00,22:50:00,28.0,1800.0,1800.0
750431,0,,,0.0,,
750431,1,07:19:00,22:49:00,28.0,1800.0,1800.0
750432,0,06:10:00,07:30:00,3.0,,
750432,1,16:42:00,18:42:00,3.0,3600.0,3600.0
750435,0,,,0.0,,
750435,1,08:18:00,22:33:00,21.0,3600.0,2363.0
750436,0,06:33:00,19:48:00,21.0,3600.0,2329.0
750436,1,,,0.0,,
750437,0,06:50:00,21:50:00,16.0,3600.0,3600.0
750437,1,,,0.0,,
750448,0,06:28:00,19:43:00,21.0,3600.0,2435.0
750448,1,,,0.0,,
